[{
    "Title":"Authentication",
    "ComponentPath":"../firstcomponent/First",
    "Component":"First",
    "CompVal" : 0
},
{
    "Title":"LDAP",
    "ComponentPath":"./../secondcomponent/Second",
    "Component":"Second",
    "CompVal" : 1
},
{
    "Title":"Netflow",
    "ComponentPath":"./../thirdcomponent/Third",
    "Component":"Third",
    "CompVal" : 2
},
{
    "Title":"SNMP",
    "ComponentPath":"./../fourthcomponent/Fourth",
    "Component":"Fourth",
    "CompVal" : 3
},
{
    "Title":"NTP",
    "ComponentPath":"./../fifthcomponent/Fifth",
    "Component":"Fifth",
    "CompVal" : 4
},
{
    "Title":"DNS",
    "ComponentPath":"./../sixthcomponent/Sixth",
    "Component":"Sixth",
    "CompVal" : 5
},
{
    "Title":"Syslog",
    "ComponentPath":"./../seventhcomponent/Seventh",
    "Component":"Seventh",
    "CompVal" : 6
}]